<sources>
    <programs>
        <default pathversion="1"></default>
    </programs>
    <video>
        <default pathversion="1"></default>
    </video>
    <music>
        <default pathversion="1"></default>
    </music>
    <pictures>
        <default pathversion="1"></default>
    </pictures>
    <files>
        <default pathversion="1"></default>
        <source>
            <name>repository.openwizard</name>
            <path pathversion="1">https://a4k-openproject.github.io/repository.openwizard/</path>
            <allowsharing>true</allowsharing>
        </source>
        <source>
            <name>serenpackages</name>
            <path pathversion="1">https://nixgates.github.io/packages</path>
            <allowsharing>true</allowsharing>
        </source>
        <source>
            <name>a4ksubs</name>
            <path pathversion="1">https://a4k-openproject.github.io/a4kSubtitles/packages</path>
            <allowsharing>true</allowsharing>
        </source>
        <source>
            <name>repository.jurialmunkey</name>
            <path pathversion="1">https://jurialmunkey.github.io/repository.jurialmunkey/</path>
            <allowsharing>true</allowsharing>
        </source>
    </files>
    <games>
        <default pathversion="1"></default>
    </games>
</sources>
